2018/3/29 9:00,679
,
2018/3/29 9:01,647
,
2018/3/29 9:02,686
,
2018/3/29 9:03,690
,
2018/3/29 9:04,757
,
2018/3/29 9:05,709
,
2018/3/29 9:06,666
,
2018/3/29 9:07,752
,
2018/3/29 9:08,866
,
2018/3/29 9:09,896
,
2018/3/29 9:10,1050
,
2018/3/29 9:11,965
,
2018/3/29 9:12,966
,
2018/3/29 9:13,823
,
2018/3/29 9:14,812
,
2018/3/29 9:15,894
,
2018/3/29 9:16,789
,
2018/3/29 9:17,885
,
2018/3/29 9:18,854
,
2018/3/29 9:19,846
,
2018/3/29 9:20,887
,
2018/3/29 9:21,878
,
2018/3/29 9:22,860
,
2018/3/29 9:23,831
,
2018/3/29 9:24,917
,
2018/3/29 9:25,890
,
2018/3/29 9:26,873
,
2018/3/29 9:27,822
,
2018/3/29 9:28,914
,
2018/3/29 9:29,917
